k,MAP,NDCG,P,Recall
1,0.00157,0.14,0.14,0.00157
3,0.00405,0.14123,0.14,0.00471
5,0.0063,0.14935,0.152,0.00787
10,0.01194,0.15063,0.154,0.01643
100,0.04869,0.13131,0.1048,0.10415
1000,0.07633,0.21066,0.03084,0.28013
